{"x":516.52001953125,"y":746.86486816406,"hp":1,"hpmax":20,"flag":[2,0],"inventory":[],"room":"Ruins03"}